{"cameraMode":{"drawMode":0,"name":"Shaded","section":"Shading Mode"},"sceneLighting":true,"audioPlay":false,"sceneViewState":{"m_AlwaysRefresh":false,"showFog":true,"showSkybox":true,"showFlares":true,"showImageEffects":true,"showParticleSystems":true,"showVisualEffectGraphs":true,"m_FxEnabled":true},"in2DMode":false,"pivot":{"x":-42.466651916503909,"y":2.4703969955444338,"z":-4.302085876464844},"rotation":{"x":-0.07573142647743225,"y":0.8773428201675415,"z":-0.14745108783245088,"w":-0.45071741938591006},"size":5.747669696807861,"orthographic":true}